[
  {
    "hora": "16:00",
    "dia": 23,
    "mes": 11,
    "ano": 2023,
    "uv": 3.307
  },
  {
    "hora": "14:00",
    "dia": 23,
    "mes": 11,
    "ano": 2023,
    "uv": 1.002
  },
  {
    "hora": "17:00",
    "dia": 23,
    "mes": 11,
    "ano": 2023,
    "uv": 6.075
  },
  {
    "hora": "11:00",
    "dia": 23,
    "mes": 11,
    "ano": 2023,
    "uv": 5.358
  },
  {
    "hora": "09:00",
    "dia": 24,
    "mes": 11,
    "ano": 2023,
    "uv": 8.434
  },
  {
    "hora": "11:00",
    "dia": 24,
    "mes": 11,
    "ano": 2023,
    "uv": 8.176
  },
  {
    "hora": "14:00",
    "dia": 24,
    "mes": 11,
    "ano": 2023,
    "uv": 8.635
  },
  {
    "hora": "08:00",
    "dia": 25,
    "mes": 11,
    "ano": 2023,
    "uv": 2.513
  },
  {
    "hora": "09:00",
    "dia": 25,
    "mes": 11,
    "ano": 2023,
    "uv": 5.687
  },
  {
    "hora": "09:00",
    "dia": 25,
    "mes": 11,
    "ano": 2023,
    "uv": 9.874
  },
  {
    "hora": "12:00",
    "dia": 26,
    "mes": 11,
    "ano": 2023,
    "uv": 6.608
  },
  {
    "hora": "09:00",
    "dia": 26,
    "mes": 11,
    "ano": 2023,
    "uv": 9.262
  },
  {
    "hora": "11:00",
    "dia": 26,
    "mes": 11,
    "ano": 2023,
    "uv": 7.878
  },
  {
    "hora": "10:00",
    "dia": 27,
    "mes": 11,
    "ano": 2023,
    "uv": 9.562
  },
  {
    "hora": "11:00",
    "dia": 27,
    "mes": 11,
    "ano": 2023,
    "uv": 6.998
  },
  {
    "hora": "13:00",
    "dia": 27,
    "mes": 11,
    "ano": 2023,
    "uv": 4.43
  },
  {
    "hora": "16:00",
    "dia": 28,
    "mes": 11,
    "ano": 2023,
    "uv": 2.93
  },
  {
    "hora": "09:00",
    "dia": 28,
    "mes": 11,
    "ano": 2023,
    "uv": 9.759
  },
  {
    "hora": "15:00",
    "dia": 28,
    "mes": 11,
    "ano": 2023,
    "uv": 5.295
  },
  {
    "hora": "08:00",
    "dia": 28,
    "mes": 11,
    "ano": 2023,
    "uv": 2.038
  },
  {
    "hora": "16:00",
    "dia": 29,
    "mes": 11,
    "ano": 2023,
    "uv": 3.57
  },
  {
    "hora": "15:00",
    "dia": 29,
    "mes": 11,
    "ano": 2023,
    "uv": 4.138
  },
  {
    "hora": "08:00",
    "dia": 29,
    "mes": 11,
    "ano": 2023,
    "uv": 8.995
  },
  {
    "hora": "15:00",
    "dia": 30,
    "mes": 11,
    "ano": 2023,
    "uv": 6.345
  },
  {
    "hora": "14:00",
    "dia": 30,
    "mes": 11,
    "ano": 2023,
    "uv": 8.715
  },
  {
    "hora": "13:00",
    "dia": 30,
    "mes": 11,
    "ano": 2023,
    "uv": 8.934
  },
  {
    "hora": "09:00",
    "dia": 1,
    "mes": 12,
    "ano": 2023,
    "uv": 8.102
  },
  {
    "hora": "09:00",
    "dia": 1,
    "mes": 12,
    "ano": 2023,
    "uv": 2.333
  },
  {
    "hora": "14:00",
    "dia": 1,
    "mes": 12,
    "ano": 2023,
    "uv": 4.257
  },
  {
    "hora": "15:00",
    "dia": 2,
    "mes": 12,
    "ano": 2023,
    "uv": 4.57
  },
  {
    "hora": "08:00",
    "dia": 2,
    "mes": 12,
    "ano": 2023,
    "uv": 1.496
  },
  {
    "hora": "12:00",
    "dia": 2,
    "mes": 12,
    "ano": 2023,
    "uv": 6.68
  },
  {
    "hora": "14:00",
    "dia": 3,
    "mes": 12,
    "ano": 2023,
    "uv": 6.668
  },
  {
    "hora": "12:00",
    "dia": 3,
    "mes": 12,
    "ano": 2023,
    "uv": 4.289
  },
  {
    "hora": "16:00",
    "dia": 3,
    "mes": 12,
    "ano": 2023,
    "uv": 3.997
  },
  {
    "hora": "13:00",
    "dia": 3,
    "mes": 12,
    "ano": 2023,
    "uv": 2.22
  },
  {
    "hora": "14:00",
    "dia": 4,
    "mes": 12,
    "ano": 2023,
    "uv": 8.078
  },
  {
    "hora": "08:00",
    "dia": 4,
    "mes": 12,
    "ano": 2023,
    "uv": 4.969
  },
  {
    "hora": "08:00",
    "dia": 4,
    "mes": 12,
    "ano": 2023,
    "uv": 4.201
  },
  {
    "hora": "12:00",
    "dia": 5,
    "mes": 12,
    "ano": 2023,
    "uv": 5.697
  },
  {
    "hora": "17:00",
    "dia": 5,
    "mes": 12,
    "ano": 2023,
    "uv": 4.038
  },
  {
    "hora": "08:00",
    "dia": 5,
    "mes": 12,
    "ano": 2023,
    "uv": 5.27
  },
  {
    "hora": "08:00",
    "dia": 6,
    "mes": 12,
    "ano": 2023,
    "uv": 1.62
  },
  {
    "hora": "08:00",
    "dia": 6,
    "mes": 12,
    "ano": 2023,
    "uv": 5.592
  },
  {
    "hora": "08:00",
    "dia": 6,
    "mes": 12,
    "ano": 2023,
    "uv": 2.401
  },
  {
    "hora": "16:00",
    "dia": 7,
    "mes": 12,
    "ano": 2023,
    "uv": 9.234
  },
  {
    "hora": "13:00",
    "dia": 7,
    "mes": 12,
    "ano": 2023,
    "uv": 5.526
  },
  {
    "hora": "15:00",
    "dia": 7,
    "mes": 12,
    "ano": 2023,
    "uv": 2.606
  },
  {
    "hora": "12:00",
    "dia": 8,
    "mes": 12,
    "ano": 2023,
    "uv": 7.652
  },
  {
    "hora": "14:00",
    "dia": 8,
    "mes": 12,
    "ano": 2023,
    "uv": 6.76
  },
  {
    "hora": "16:00",
    "dia": 8,
    "mes": 12,
    "ano": 2023,
    "uv": 8.121
  },
  {
    "hora": "13:00",
    "dia": 8,
    "mes": 12,
    "ano": 2023,
    "uv": 2.71
  },
  {
    "hora": "14:00",
    "dia": 9,
    "mes": 12,
    "ano": 2023,
    "uv": 6.124
  },
  {
    "hora": "10:00",
    "dia": 9,
    "mes": 12,
    "ano": 2023,
    "uv": 3.524
  },
  {
    "hora": "10:00",
    "dia": 9,
    "mes": 12,
    "ano": 2023,
    "uv": 2.541
  },
  {
    "hora": "15:00",
    "dia": 10,
    "mes": 12,
    "ano": 2023,
    "uv": 5.825
  },
  {
    "hora": "08:00",
    "dia": 10,
    "mes": 12,
    "ano": 2023,
    "uv": 8.095
  },
  {
    "hora": "10:00",
    "dia": 10,
    "mes": 12,
    "ano": 2023,
    "uv": 5.6
  },
  {
    "hora": "17:00",
    "dia": 11,
    "mes": 12,
    "ano": 2023,
    "uv": 5.977
  },
  {
    "hora": "14:00",
    "dia": 11,
    "mes": 12,
    "ano": 2023,
    "uv": 7.356
  },
  {
    "hora": "08:00",
    "dia": 11,
    "mes": 12,
    "ano": 2023,
    "uv": 6.781
  },
  {
    "hora": "17:00",
    "dia": 12,
    "mes": 12,
    "ano": 2023,
    "uv": 9.091
  },
  {
    "hora": "13:00",
    "dia": 12,
    "mes": 12,
    "ano": 2023,
    "uv": 7.037
  },
  {
    "hora": "09:00",
    "dia": 12,
    "mes": 12,
    "ano": 2023,
    "uv": 4.093
  },
  {
    "hora": "12:00",
    "dia": 13,
    "mes": 12,
    "ano": 2023,
    "uv": 4.339
  },
  {
    "hora": "11:00",
    "dia": 13,
    "mes": 12,
    "ano": 2023,
    "uv": 3.714
  },
  {
    "hora": "09:00",
    "dia": 13,
    "mes": 12,
    "ano": 2023,
    "uv": 1.951
  },
  {
    "hora": "12:00",
    "dia": 13,
    "mes": 12,
    "ano": 2023,
    "uv": 6.702
  },
  {
    "hora": "16:00",
    "dia": 14,
    "mes": 12,
    "ano": 2023,
    "uv": 8.138
  },
  {
    "hora": "08:00",
    "dia": 14,
    "mes": 12,
    "ano": 2023,
    "uv": 4.701
  },
  {
    "hora": "13:00",
    "dia": 14,
    "mes": 12,
    "ano": 2023,
    "uv": 4.9
  },
  {
    "hora": "15:00",
    "dia": 15,
    "mes": 12,
    "ano": 2023,
    "uv": 4.739
  },
  {
    "hora": "09:00",
    "dia": 15,
    "mes": 12,
    "ano": 2023,
    "uv": 8.865
  },
  {
    "hora": "08:00",
    "dia": 15,
    "mes": 12,
    "ano": 2023,
    "uv": 8.896
  },
  {
    "hora": "17:00",
    "dia": 16,
    "mes": 12,
    "ano": 2023,
    "uv": 6.239
  },
  {
    "hora": "09:00",
    "dia": 16,
    "mes": 12,
    "ano": 2023,
    "uv": 2.583
  },
  {
    "hora": "11:00",
    "dia": 16,
    "mes": 12,
    "ano": 2023,
    "uv": 1.325
  },
  {
    "hora": "14:00",
    "dia": 17,
    "mes": 12,
    "ano": 2023,
    "uv": 8.458
  },
  {
    "hora": "13:00",
    "dia": 17,
    "mes": 12,
    "ano": 2023,
    "uv": 5.081
  },
  {
    "hora": "09:00",
    "dia": 17,
    "mes": 12,
    "ano": 2023,
    "uv": 1.218
  },
  {
    "hora": "13:00",
    "dia": 18,
    "mes": 12,
    "ano": 2023,
    "uv": 5.708
  },
  {
    "hora": "15:00",
    "dia": 18,
    "mes": 12,
    "ano": 2023,
    "uv": 1.038
  },
  {
    "hora": "17:00",
    "dia": 18,
    "mes": 12,
    "ano": 2023,
    "uv": 1.68
  },
  {
    "hora": "16:00",
    "dia": 18,
    "mes": 12,
    "ano": 2023,
    "uv": 8.221
  },
  {
    "hora": "10:00",
    "dia": 19,
    "mes": 12,
    "ano": 2023,
    "uv": 3.426
  },
  {
    "hora": "11:00",
    "dia": 19,
    "mes": 12,
    "ano": 2023,
    "uv": 2.66
  },
  {
    "hora": "08:00",
    "dia": 19,
    "mes": 12,
    "ano": 2023,
    "uv": 8.873
  },
  {
    "hora": "11:00",
    "dia": 20,
    "mes": 12,
    "ano": 2023,
    "uv": 8.324
  },
  {
    "hora": "12:00",
    "dia": 20,
    "mes": 12,
    "ano": 2023,
    "uv": 1.482
  },
  {
    "hora": "15:00",
    "dia": 20,
    "mes": 12,
    "ano": 2023,
    "uv": 3.249
  },
  {
    "hora": "11:00",
    "dia": 21,
    "mes": 12,
    "ano": 2023,
    "uv": 7.174
  },
  {
    "hora": "08:00",
    "dia": 21,
    "mes": 12,
    "ano": 2023,
    "uv": 3.342
  },
  {
    "hora": "17:00",
    "dia": 21,
    "mes": 12,
    "ano": 2023,
    "uv": 5.826
  },
  {
    "hora": "14:00",
    "dia": 22,
    "mes": 12,
    "ano": 2023,
    "uv": 4.178
  },
  {
    "hora": "14:00",
    "dia": 22,
    "mes": 12,
    "ano": 2023,
    "uv": 8.074
  },
  {
    "hora": "08:00",
    "dia": 22,
    "mes": 12,
    "ano": 2023,
    "uv": 7.53
  },
  {
    "hora": "09:00",
    "dia": 23,
    "mes": 12,
    "ano": 2023,
    "uv": 6.126
  },
  {
    "hora": "15:00",
    "dia": 23,
    "mes": 12,
    "ano": 2023,
    "uv": 8.257
  },
  {
    "hora": "14:00",
    "dia": 23,
    "mes": 12,
    "ano": 2023,
    "uv": 4.284
  },
  {
    "hora": "12:00",
    "dia": 23,
    "mes": 12,
    "ano": 2023,
    "uv": 2.788
  },
  {
    "hora": "09:00",
    "dia": 24,
    "mes": 12,
    "ano": 2023,
    "uv": 9.417
  },
  {
    "hora": "15:00",
    "dia": 24,
    "mes": 12,
    "ano": 2023,
    "uv": 6.52
  },
  {
    "hora": "14:00",
    "dia": 24,
    "mes": 12,
    "ano": 2023,
    "uv": 5.647
  },
  {
    "hora": "15:00",
    "dia": 25,
    "mes": 12,
    "ano": 2023,
    "uv": 4.123
  },
  {
    "hora": "13:00",
    "dia": 25,
    "mes": 12,
    "ano": 2023,
    "uv": 2.099
  },
  {
    "hora": "11:00",
    "dia": 25,
    "mes": 12,
    "ano": 2023,
    "uv": 3.478
  },
  {
    "hora": "10:00",
    "dia": 26,
    "mes": 12,
    "ano": 2023,
    "uv": 4.099
  },
  {
    "hora": "09:00",
    "dia": 26,
    "mes": 12,
    "ano": 2023,
    "uv": 5.598
  },
  {
    "hora": "10:00",
    "dia": 26,
    "mes": 12,
    "ano": 2023,
    "uv": 5.375
  },
  {
    "hora": "14:00",
    "dia": 27,
    "mes": 12,
    "ano": 2023,
    "uv": 9.239
  },
  {
    "hora": "16:00",
    "dia": 27,
    "mes": 12,
    "ano": 2023,
    "uv": 2.527
  },
  {
    "hora": "16:00",
    "dia": 27,
    "mes": 12,
    "ano": 2023,
    "uv": 9.302
  },
  {
    "hora": "15:00",
    "dia": 28,
    "mes": 12,
    "ano": 2023,
    "uv": 4.989
  },
  {
    "hora": "08:00",
    "dia": 28,
    "mes": 12,
    "ano": 2023,
    "uv": 8.152
  },
  {
    "hora": "10:00",
    "dia": 28,
    "mes": 12,
    "ano": 2023,
    "uv": 8.035
  },
  {
    "hora": "15:00",
    "dia": 28,
    "mes": 12,
    "ano": 2023,
    "uv": 5.938
  },
  {
    "hora": "08:00",
    "dia": 29,
    "mes": 12,
    "ano": 2023,
    "uv": 4.278
  },
  {
    "hora": "15:00",
    "dia": 29,
    "mes": 12,
    "ano": 2023,
    "uv": 7.795
  },
  {
    "hora": "12:00",
    "dia": 29,
    "mes": 12,
    "ano": 2023,
    "uv": 1.488
  },
  {
    "hora": "14:00",
    "dia": 30,
    "mes": 12,
    "ano": 2023,
    "uv": 7.133
  },
  {
    "hora": "14:00",
    "dia": 30,
    "mes": 12,
    "ano": 2023,
    "uv": 8.55
  },
  {
    "hora": "13:00",
    "dia": 30,
    "mes": 12,
    "ano": 2023,
    "uv": 6.118
  },
  {
    "hora": "11:00",
    "dia": 31,
    "mes": 12,
    "ano": 2023,
    "uv": 1.489
  },
  {
    "hora": "17:00",
    "dia": 31,
    "mes": 12,
    "ano": 2023,
    "uv": 8.119
  },
  {
    "hora": "12:00",
    "dia": 31,
    "mes": 12,
    "ano": 2023,
    "uv": 5.702
  },
  {
    "hora": "13:00",
    "dia": 1,
    "mes": 1,
    "ano": 2024,
    "uv": 9.689
  },
  {
    "hora": "14:00",
    "dia": 1,
    "mes": 1,
    "ano": 2024,
    "uv": 7.753
  },
  {
    "hora": "15:00",
    "dia": 1,
    "mes": 1,
    "ano": 2024,
    "uv": 3.989
  },
  {
    "hora": "11:00",
    "dia": 2,
    "mes": 1,
    "ano": 2024,
    "uv": 8.716
  },
  {
    "hora": "08:00",
    "dia": 2,
    "mes": 1,
    "ano": 2024,
    "uv": 9.489
  },
  {
    "hora": "12:00",
    "dia": 2,
    "mes": 1,
    "ano": 2024,
    "uv": 4.075
  },
  {
    "hora": "11:00",
    "dia": 2,
    "mes": 1,
    "ano": 2024,
    "uv": 1.859
  },
  {
    "hora": "17:00",
    "dia": 3,
    "mes": 1,
    "ano": 2024,
    "uv": 3.595
  },
  {
    "hora": "12:00",
    "dia": 3,
    "mes": 1,
    "ano": 2024,
    "uv": 4.567
  },
  {
    "hora": "08:00",
    "dia": 3,
    "mes": 1,
    "ano": 2024,
    "uv": 9.739
  },
  {
    "hora": "16:00",
    "dia": 4,
    "mes": 1,
    "ano": 2024,
    "uv": 4.981
  },
  {
    "hora": "12:00",
    "dia": 4,
    "mes": 1,
    "ano": 2024,
    "uv": 7.36
  },
  {
    "hora": "09:00",
    "dia": 4,
    "mes": 1,
    "ano": 2024,
    "uv": 5.097
  },
  {
    "hora": "12:00",
    "dia": 5,
    "mes": 1,
    "ano": 2024,
    "uv": 4.894
  },
  {
    "hora": "11:00",
    "dia": 5,
    "mes": 1,
    "ano": 2024,
    "uv": 9.872
  },
  {
    "hora": "08:00",
    "dia": 5,
    "mes": 1,
    "ano": 2024,
    "uv": 9.729
  },
  {
    "hora": "17:00",
    "dia": 6,
    "mes": 1,
    "ano": 2024,
    "uv": 1.496
  },
  {
    "hora": "12:00",
    "dia": 6,
    "mes": 1,
    "ano": 2024,
    "uv": 2.138
  },
  {
    "hora": "17:00",
    "dia": 6,
    "mes": 1,
    "ano": 2024,
    "uv": 7.083
  },
  {
    "hora": "10:00",
    "dia": 7,
    "mes": 1,
    "ano": 2024,
    "uv": 2.942
  },
  {
    "hora": "08:00",
    "dia": 7,
    "mes": 1,
    "ano": 2024,
    "uv": 6.863
  },
  {
    "hora": "12:00",
    "dia": 7,
    "mes": 1,
    "ano": 2024,
    "uv": 1.118
  },
  {
    "hora": "11:00",
    "dia": 7,
    "mes": 1,
    "ano": 2024,
    "uv": 2.592
  },
  {
    "hora": "10:00",
    "dia": 8,
    "mes": 1,
    "ano": 2024,
    "uv": 9.339
  },
  {
    "hora": "08:00",
    "dia": 8,
    "mes": 1,
    "ano": 2024,
    "uv": 8.518
  },
  {
    "hora": "17:00",
    "dia": 8,
    "mes": 1,
    "ano": 2024,
    "uv": 1.818
  },
  {
    "hora": "12:00",
    "dia": 9,
    "mes": 1,
    "ano": 2024,
    "uv": 9.341
  },
  {
    "hora": "15:00",
    "dia": 9,
    "mes": 1,
    "ano": 2024,
    "uv": 9.449
  },
  {
    "hora": "17:00",
    "dia": 9,
    "mes": 1,
    "ano": 2024,
    "uv": 9.646
  },
  {
    "hora": "08:00",
    "dia": 10,
    "mes": 1,
    "ano": 2024,
    "uv": 7.83
  },
  {
    "hora": "17:00",
    "dia": 10,
    "mes": 1,
    "ano": 2024,
    "uv": 6.872
  },
  {
    "hora": "09:00",
    "dia": 10,
    "mes": 1,
    "ano": 2024,
    "uv": 5.851
  },
  {
    "hora": "16:00",
    "dia": 11,
    "mes": 1,
    "ano": 2024,
    "uv": 3.539
  },
  {
    "hora": "11:00",
    "dia": 11,
    "mes": 1,
    "ano": 2024,
    "uv": 9.622
  },
  {
    "hora": "17:00",
    "dia": 11,
    "mes": 1,
    "ano": 2024,
    "uv": 3.621
  },
  {
    "hora": "16:00",
    "dia": 12,
    "mes": 1,
    "ano": 2024,
    "uv": 8.178
  },
  {
    "hora": "11:00",
    "dia": 12,
    "mes": 1,
    "ano": 2024,
    "uv": 8.37
  },
  {
    "hora": "13:00",
    "dia": 12,
    "mes": 1,
    "ano": 2024,
    "uv": 2.742
  },
  {
    "hora": "14:00",
    "dia": 12,
    "mes": 1,
    "ano": 2024,
    "uv": 9.465
  },
  {
    "hora": "16:00",
    "dia": 13,
    "mes": 1,
    "ano": 2024,
    "uv": 6.534
  },
  {
    "hora": "12:00",
    "dia": 13,
    "mes": 1,
    "ano": 2024,
    "uv": 1.776
  },
  {
    "hora": "12:00",
    "dia": 13,
    "mes": 1,
    "ano": 2024,
    "uv": 1.028
  },
  {
    "hora": "12:00",
    "dia": 14,
    "mes": 1,
    "ano": 2024,
    "uv": 3.524
  },
  {
    "hora": "16:00",
    "dia": 14,
    "mes": 1,
    "ano": 2024,
    "uv": 3.89
  },
  {
    "hora": "11:00",
    "dia": 14,
    "mes": 1,
    "ano": 2024,
    "uv": 4.68
  },
  {
    "hora": "12:00",
    "dia": 15,
    "mes": 1,
    "ano": 2024,
    "uv": 1.112
  },
  {
    "hora": "08:00",
    "dia": 15,
    "mes": 1,
    "ano": 2024,
    "uv": 2.246
  },
  {
    "hora": "16:00",
    "dia": 15,
    "mes": 1,
    "ano": 2024,
    "uv": 4.101
  },
  {
    "hora": "11:00",
    "dia": 16,
    "mes": 1,
    "ano": 2024,
    "uv": 7.391
  },
  {
    "hora": "12:00",
    "dia": 16,
    "mes": 1,
    "ano": 2024,
    "uv": 2.509
  },
  {
    "hora": "12:00",
    "dia": 16,
    "mes": 1,
    "ano": 2024,
    "uv": 4.554
  },
  {
    "hora": "12:00",
    "dia": 17,
    "mes": 1,
    "ano": 2024,
    "uv": 1.224
  },
  {
    "hora": "11:00",
    "dia": 17,
    "mes": 1,
    "ano": 2024,
    "uv": 2.505
  },
  {
    "hora": "10:00",
    "dia": 17,
    "mes": 1,
    "ano": 2024,
    "uv": 2.079
  },
  {
    "hora": "08:00",
    "dia": 17,
    "mes": 1,
    "ano": 2024,
    "uv": 5.612
  },
  {
    "hora": "11:00",
    "dia": 18,
    "mes": 1,
    "ano": 2024,
    "uv": 7.261
  },
  {
    "hora": "10:00",
    "dia": 18,
    "mes": 1,
    "ano": 2024,
    "uv": 6.031
  },
  {
    "hora": "11:00",
    "dia": 18,
    "mes": 1,
    "ano": 2024,
    "uv": 1.957
  },
  {
    "hora": "13:00",
    "dia": 19,
    "mes": 1,
    "ano": 2024,
    "uv": 5.602
  },
  {
    "hora": "14:00",
    "dia": 19,
    "mes": 1,
    "ano": 2024,
    "uv": 1.876
  },
  {
    "hora": "14:00",
    "dia": 19,
    "mes": 1,
    "ano": 2024,
    "uv": 9.202
  },
  {
    "hora": "12:00",
    "dia": 20,
    "mes": 1,
    "ano": 2024,
    "uv": 7.072
  },
  {
    "hora": "08:00",
    "dia": 20,
    "mes": 1,
    "ano": 2024,
    "uv": 6.958
  },
  {
    "hora": "09:00",
    "dia": 20,
    "mes": 1,
    "ano": 2024,
    "uv": 7.939
  },
  {
    "hora": "15:00",
    "dia": 21,
    "mes": 1,
    "ano": 2024,
    "uv": 2.729
  },
  {
    "hora": "14:00",
    "dia": 21,
    "mes": 1,
    "ano": 2024,
    "uv": 6.267
  },
  {
    "hora": "12:00",
    "dia": 21,
    "mes": 1,
    "ano": 2024,
    "uv": 5.743
  },
  {
    "hora": "12:00",
    "dia": 22,
    "mes": 1,
    "ano": 2024,
    "uv": 2.063
  },
  {
    "hora": "17:00",
    "dia": 22,
    "mes": 1,
    "ano": 2024,
    "uv": 1.51
  },
  {
    "hora": "08:00",
    "dia": 22,
    "mes": 1,
    "ano": 2024,
    "uv": 9.45
  }
  
]